{
  "hash": "48941919",
  "configHash": "0951c406",
  "lockfileHash": "b1a5e966",
  "browserHash": "8dd8f67d",
  "optimized": {
    "@angular/common": {
      "src": "../../../../../../node_modules/@angular/common/fesm2022/common.mjs",
      "file": "@angular_common.js",
      "fileHash": "fa925d3e",
      "needsInterop": false
    },
    "@angular/core": {
      "src": "../../../../../../node_modules/@angular/core/fesm2022/core.mjs",
      "file": "@angular_core.js",
      "fileHash": "eb59d41b",
      "needsInterop": false
    },
    "@angular/forms": {
      "src": "../../../../../../node_modules/@angular/forms/fesm2022/forms.mjs",
      "file": "@angular_forms.js",
      "fileHash": "78e78cc3",
      "needsInterop": false
    },
    "@angular/platform-browser": {
      "src": "../../../../../../node_modules/@angular/platform-browser/fesm2022/platform-browser.mjs",
      "file": "@angular_platform-browser.js",
      "fileHash": "3b7b8604",
      "needsInterop": false
    },
    "@angular/router": {
      "src": "../../../../../../node_modules/@angular/router/fesm2022/router.mjs",
      "file": "@angular_router.js",
      "fileHash": "725373d7",
      "needsInterop": false
    }
  },
  "chunks": {
    "chunk-UIAHAUWA": {
      "file": "chunk-UIAHAUWA.js"
    },
    "chunk-54L2ORA5": {
      "file": "chunk-54L2ORA5.js"
    },
    "chunk-KCSUZAPK": {
      "file": "chunk-KCSUZAPK.js"
    }
  }
}